{"cameraMode":{"drawMode":0,"name":"Shaded","section":"Shading Mode"},"sceneLighting":true,"audioPlay":false,"sceneViewState":{"m_AlwaysRefresh":false,"showFog":true,"showSkybox":true,"showFlares":true,"showImageEffects":true,"showParticleSystems":true,"showVisualEffectGraphs":true,"m_FxEnabled":true},"in2DMode":false,"pivot":{"x":-0.3277638256549835,"y":0.5655367970466614,"z":-1.9249324798583985},"rotation":{"x":-0.005870317108929157,"y":0.9805958271026611,"z":-0.19368715584278108,"w":-0.029720202088356019},"size":4.55958890914917,"orthographic":false}